product_id,bom_min_qty,shadow_price,interpretation
VN-MT041,15,3500.0,$ saved per unit the BOM requirement could be reduced
VN-MT056,30,3200.0,$ saved per unit the BOM requirement could be reduced
VN-MT053,12,2890.0,$ saved per unit the BOM requirement could be reduced
VN-MT028,8,2750.0,$ saved per unit the BOM requirement could be reduced
VN-MT043,24,2500.0,$ saved per unit the BOM requirement could be reduced
VN-MT026,8,1800.0,$ saved per unit the BOM requirement could be reduced
VN-MT025,5,1345.0,$ saved per unit the BOM requirement could be reduced
VN-MT036,20,1250.0,$ saved per unit the BOM requirement could be reduced
VN-MT042,15,1200.0,$ saved per unit the BOM requirement could be reduced
VN-MT039,15,890.0,$ saved per unit the BOM requirement could be reduced
VN-MT063,30,820.0,$ saved per unit the BOM requirement could be reduced
VN-MT035,30,810.0,$ saved per unit the BOM requirement could be reduced
VN-MT057,17,680.0,$ saved per unit the BOM requirement could be reduced
VN-MT045,22,648.0,$ saved per unit the BOM requirement could be reduced
VN-MT044,43,600.0,$ saved per unit the BOM requirement could be reduced
VN-MT022,23,600.0,$ saved per unit the BOM requirement could be reduced
VN-MT040,10,560.0,$ saved per unit the BOM requirement could be reduced
VN-MT058,24,520.0,$ saved per unit the BOM requirement could be reduced
VN-MT038,20,485.0,$ saved per unit the BOM requirement could be reduced
VN-MT034,37,465.0,$ saved per unit the BOM requirement could be reduced
VN-MT050,21,405.0,$ saved per unit the BOM requirement could be reduced
VN-MT065,20,385.0,$ saved per unit the BOM requirement could be reduced
VN-MT037,21,375.0,$ saved per unit the BOM requirement could be reduced
VN-MT023,13,320.0,$ saved per unit the BOM requirement could be reduced
VN-MT031,37,315.0,$ saved per unit the BOM requirement could be reduced
VN-MT046,30,315.0,$ saved per unit the BOM requirement could be reduced
VN-MT021,24,250.0,$ saved per unit the BOM requirement could be reduced
VN-MT054,15,222.0,$ saved per unit the BOM requirement could be reduced
VN-MT030,28,210.0,$ saved per unit the BOM requirement could be reduced
VN-MT055,36,206.0,$ saved per unit the BOM requirement could be reduced
VN-MT029,40,180.0,$ saved per unit the BOM requirement could be reduced
VN-MT033,32,163.0,$ saved per unit the BOM requirement could be reduced
VN-MT064,30,145.0,$ saved per unit the BOM requirement could be reduced
VN-MT024,17,124.0,$ saved per unit the BOM requirement could be reduced
VN-MT049,34,90.0,$ saved per unit the BOM requirement could be reduced
VN-MT019,22,85.0,$ saved per unit the BOM requirement could be reduced
VN-MT047,37,80.0,$ saved per unit the BOM requirement could be reduced
VN-MT048,29,78.0,$ saved per unit the BOM requirement could be reduced
VN-MT032,32,75.0,$ saved per unit the BOM requirement could be reduced
VN-MT027,25,70.0,$ saved per unit the BOM requirement could be reduced
VN-MT020,26,46.0,$ saved per unit the BOM requirement could be reduced
VN-MT018,12,21.0,$ saved per unit the BOM requirement could be reduced
VN-MT061,1201,7.3,$ saved per unit the BOM requirement could be reduced
VN-MT012,1383,6.9,$ saved per unit the BOM requirement could be reduced
VN-MT052,512,5.46,$ saved per unit the BOM requirement could be reduced
VN-MT011,618,5.0,$ saved per unit the BOM requirement could be reduced
VN-MT013,1986,4.6,$ saved per unit the BOM requirement could be reduced
VN-MT005,806,3.8,$ saved per unit the BOM requirement could be reduced
VN-MT051,777,3.8,$ saved per unit the BOM requirement could be reduced
VN-MT002,652,3.2,$ saved per unit the BOM requirement could be reduced
VN-MT014,1963,2.4,$ saved per unit the BOM requirement could be reduced
VN-MT007,814,2.4,$ saved per unit the BOM requirement could be reduced
VN-MT010,1531,2.35,$ saved per unit the BOM requirement could be reduced
VN-MT016,535,2.32,$ saved per unit the BOM requirement could be reduced
VN-MT059,1894,2.3,$ saved per unit the BOM requirement could be reduced
VN-MT003,1489,2.15,$ saved per unit the BOM requirement could be reduced
VN-MT062,1473,2.1,$ saved per unit the BOM requirement could be reduced
VN-MT060,1341,2.0,$ saved per unit the BOM requirement could be reduced
VN-MT015,1855,1.8,$ saved per unit the BOM requirement could be reduced
VN-MT001,1598,1.55,$ saved per unit the BOM requirement could be reduced
VN-MT009,1477,1.4,$ saved per unit the BOM requirement could be reduced
VN-MT006,1206,1.4,$ saved per unit the BOM requirement could be reduced
VN-MT017,1123,1.1,$ saved per unit the BOM requirement could be reduced
VN-MT004,1422,1.0,$ saved per unit the BOM requirement could be reduced
VN-MT008,1844,0.98,$ saved per unit the BOM requirement could be reduced
VN-MT066,1526,0.85,$ saved per unit the BOM requirement could be reduced
