product_id,bom_max_qty,shadow_price,interpretation
VN-MT001,1725.8400000000001,0.0,constraint not binding
VN-MT002,704.1600000000001,0.0,constraint not binding
VN-MT003,1608.1200000000001,0.0,constraint not binding
VN-MT004,1535.76,0.0,constraint not binding
VN-MT005,870.48,0.0,constraint not binding
VN-MT006,1302.48,0.0,constraint not binding
VN-MT007,879.12,0.0,constraint not binding
VN-MT008,1991.5200000000002,0.0,constraint not binding
VN-MT009,1595.16,0.0,constraint not binding
VN-MT010,1653.48,0.0,constraint not binding
VN-MT011,667.44,0.0,constraint not binding
VN-MT012,1493.64,0.0,constraint not binding
VN-MT013,2144.88,0.0,constraint not binding
VN-MT014,2120.04,0.0,constraint not binding
VN-MT015,2003.4,0.0,constraint not binding
VN-MT016,577.8000000000001,0.0,constraint not binding
VN-MT017,1212.8400000000001,0.0,constraint not binding
VN-MT018,12.96,0.0,constraint not binding
VN-MT019,23.76,0.0,constraint not binding
VN-MT020,28.080000000000002,0.0,constraint not binding
VN-MT021,25.92,0.0,constraint not binding
VN-MT022,24.840000000000003,0.0,constraint not binding
VN-MT023,14.040000000000001,0.0,constraint not binding
VN-MT024,18.36,0.0,constraint not binding
VN-MT025,5.4,0.0,constraint not binding
VN-MT026,8.64,0.0,constraint not binding
VN-MT027,27.0,0.0,constraint not binding
VN-MT028,8.64,0.0,constraint not binding
VN-MT029,43.2,0.0,constraint not binding
VN-MT030,30.240000000000002,0.0,constraint not binding
VN-MT031,39.96,0.0,constraint not binding
VN-MT032,34.56,0.0,constraint not binding
VN-MT033,34.56,0.0,constraint not binding
VN-MT034,39.96,0.0,constraint not binding
VN-MT035,32.400000000000006,0.0,constraint not binding
VN-MT036,21.6,0.0,constraint not binding
VN-MT037,22.68,0.0,constraint not binding
VN-MT038,21.6,0.0,constraint not binding
VN-MT039,16.200000000000003,0.0,constraint not binding
VN-MT040,10.8,0.0,constraint not binding
VN-MT041,16.200000000000003,0.0,constraint not binding
VN-MT042,16.200000000000003,0.0,constraint not binding
VN-MT043,25.92,0.0,constraint not binding
VN-MT044,46.440000000000005,0.0,constraint not binding
VN-MT045,23.76,0.0,constraint not binding
VN-MT046,32.400000000000006,0.0,constraint not binding
VN-MT047,39.96,0.0,constraint not binding
VN-MT048,31.32,0.0,constraint not binding
VN-MT049,36.72,0.0,constraint not binding
VN-MT050,22.68,0.0,constraint not binding
VN-MT051,839.1600000000001,0.0,constraint not binding
VN-MT052,552.96,0.0,constraint not binding
VN-MT053,12.96,0.0,constraint not binding
VN-MT054,16.200000000000003,0.0,constraint not binding
VN-MT055,38.88,0.0,constraint not binding
VN-MT056,32.400000000000006,0.0,constraint not binding
VN-MT057,18.36,0.0,constraint not binding
VN-MT058,25.92,0.0,constraint not binding
VN-MT059,2045.5200000000002,0.0,constraint not binding
VN-MT060,1448.2800000000002,0.0,constraint not binding
VN-MT061,1297.0800000000002,0.0,constraint not binding
VN-MT062,1590.8400000000001,0.0,constraint not binding
VN-MT063,32.400000000000006,0.0,constraint not binding
VN-MT064,32.400000000000006,0.0,constraint not binding
VN-MT065,21.6,0.0,constraint not binding
VN-MT066,1648.0800000000002,0.0,constraint not binding
